pair_id,sequence_id,pair_type,previous_file,current_file,previous_frame_index,current_frame_index,recommended_for_id_eval,num_gt_ids,num_new,num_current_occluded,num_current_partial
pair_000,P01,baseline_variant,P01_F00_baseline.ply,P01_F01_rollObs_mild.ply,0,1,1,1,0,0,0
pair_001,P01,baseline_variant,P01_F00_baseline.ply,P01_F02_rollObs_heavy.ply,0,2,1,1,0,0,0
pair_002,P01,baseline_variant,P01_F00_baseline.ply,P01_F03_yaw_p3.ply,0,3,1,1,0,0,0
pair_003,P01,baseline_variant,P01_F00_baseline.ply,P01_F04_yaw_n5.ply,0,4,1,1,0,0,0
pair_004,P01,baseline_variant,P01_F00_baseline.ply,P01_F05_moveX_p20.ply,0,5,1,1,0,0,0
pair_005,P01,baseline_variant,P01_F00_baseline.ply,P01_F06_moveX_p45_yaw_p4.ply,0,6,1,1,0,0,0
pair_006,P01,baseline_variant,P01_F00_baseline.ply,P01_F07_partial_mild.ply,0,7,1,1,0,0,1
pair_007,P01,baseline_variant,P01_F00_baseline.ply,P01_F08_partial_heavy.ply,0,8,1,1,0,0,1
pair_008,P01,baseline_variant,P01_F00_baseline.ply,P01_F09_top_dominant.ply,0,9,1,1,0,0,0
pair_009,P01,baseline_variant,P01_F00_baseline.ply,P01_F10_side_dominant.ply,0,10,1,1,0,0,0
pair_010,P01,baseline_variant,P01_F00_baseline.ply,P01_F11_degraded.ply,0,11,1,1,0,0,1
pair_011,P02,baseline_variant,P02_F00_edgeOcc_baseline.ply,P02_F01_edgeOcc_left_mild.ply,0,1,1,1,0,0,1
pair_012,P02,baseline_variant,P02_F00_edgeOcc_baseline.ply,P02_F02_edgeOcc_right_mild.ply,0,2,1,1,0,0,1
pair_013,P02,baseline_variant,P02_F00_edgeOcc_baseline.ply,P02_F03_edgeOcc_both_mild.ply,0,3,1,1,0,0,1
pair_014,P02,baseline_variant,P02_F00_edgeOcc_baseline.ply,P02_F04_edgeOcc_both_heavy.ply,0,4,1,1,0,0,1
pair_015,P02,baseline_variant,P02_F00_edgeOcc_baseline.ply,P02_F05_rollHeavy_noHole.ply,0,5,1,1,0,0,0
pair_016,S01,temporal_adjacent,S01_F00_left_growth_3.ply,S01_F01_left_growth_4.ply,0,1,1,4,1,0,0
pair_017,S01,temporal_adjacent,S01_F01_left_growth_4.ply,S01_F02_left_growth_5.ply,1,2,1,5,1,0,0
pair_018,S01,temporal_adjacent,S01_F02_left_growth_5.ply,S01_F03_left_growth_6.ply,2,3,1,6,1,0,0
pair_019,S02,temporal_adjacent,S02_F00_right_growth_3.ply,S02_F01_right_growth_4.ply,0,1,1,4,1,0,0
pair_020,S02,temporal_adjacent,S02_F01_right_growth_4.ply,S02_F02_right_growth_5.ply,1,2,1,5,1,0,0
pair_021,S03,temporal_adjacent,S03_F00_two_sides_4.ply,S03_F01_two_sides_5.ply,0,1,1,5,1,0,0
pair_022,S03,temporal_adjacent,S03_F01_two_sides_5.ply,S03_F02_two_sides_6.ply,1,2,1,6,1,0,0
pair_023,S03,temporal_adjacent,S03_F02_two_sides_6.ply,S03_F03_two_sides_7.ply,2,3,1,7,1,0,0
pair_024,S03,temporal_adjacent,S03_F03_two_sides_7.ply,S03_F04_two_sides_8.ply,3,4,1,8,1,0,0
pair_025,S04,baseline_variant,S04_F00_internal_gap_02cm.ply,S04_F01_internal_gap_10cm.ply,0,1,1,5,0,0,0
pair_026,S04,baseline_variant,S04_F00_internal_gap_02cm.ply,S04_F02_internal_gap_28cm.ply,0,2,1,5,0,0,0
pair_027,S04,baseline_variant,S04_F00_internal_gap_02cm.ply,S04_F03_internal_gap_45cm.ply,0,3,1,5,0,0,0
pair_028,S05,temporal_adjacent,S05_F00_yaw_motion_0.ply,S05_F01_yaw_motion_1.ply,0,1,1,6,0,0,0
pair_029,S05,temporal_adjacent,S05_F01_yaw_motion_1.ply,S05_F02_yaw_motion_2.ply,1,2,1,6,0,0,0
pair_030,S05,temporal_adjacent,S05_F02_yaw_motion_2.ply,S05_F03_yaw_motion_3.ply,2,3,1,6,0,0,0
pair_031,S06,temporal_adjacent,S06_F00_all_visible.ply,S06_F01_id2_partial.ply,0,1,1,6,0,0,1
pair_032,S06,temporal_adjacent,S06_F01_id2_partial.ply,S06_F02_id2_occluded.ply,1,2,1,6,0,1,0
pair_033,S06,temporal_adjacent,S06_F02_id2_occluded.ply,S06_F03_id2_return_partial.ply,2,3,1,6,0,0,1
pair_034,S06,temporal_adjacent,S06_F03_id2_return_partial.ply,S06_F04_recovered.ply,3,4,1,6,0,0,0
pair_035,S07,temporal_adjacent,S07_F00_baseline.ply,S07_F01_new_plus_occluded.ply,0,1,1,6,1,1,0
pair_036,S08,temporal_adjacent,S08_F00_two_layer_base.ply,S08_F01_add_layer2.ply,0,1,1,10,1,0,2
pair_037,S08,temporal_adjacent,S08_F01_add_layer2.ply,S08_F02_two_layer_rollobs.ply,1,2,1,10,0,0,2
pair_038,S09,temporal_adjacent,S09_F00_before_two_new.ply,S09_F01_two_new_simultaneous.ply,0,1,1,6,2,0,0
pair_039,S10,temporal_adjacent,S10_F00_same_geometry_stress_0.ply,S10_F01_same_geometry_stress_1.ply,0,1,1,6,0,0,0
pair_040,S10,temporal_adjacent,S10_F01_same_geometry_stress_1.ply,S10_F02_same_geometry_stress_2.ply,1,2,1,6,0,0,1
pair_041,S11,temporal_adjacent,S11_F00_L1_full_10.ply,S11_F01_L1_full_then_L2_new.ply,0,1,1,11,1,0,0
pair_042,S12,baseline_variant,S12_F00_view_clean.ply,S12_F01_view_top_view.ply,0,1,1,6,0,0,0
pair_043,S12,baseline_variant,S12_F00_view_clean.ply,S12_F02_view_side_view.ply,0,2,1,6,0,0,0
pair_044,S12,baseline_variant,S12_F00_view_clean.ply,S12_F03_view_degraded.ply,0,3,1,6,0,0,2
