file,sequence_id,frame_index,scene_name,num_objects_total,num_visible_objects,num_points,tags,description
C01_F00_left_complex_start.ply,C01,0,left_complex_start,3,3,20782,complex;left;baseline;difficulty_2,"Complex left-cluster loading: every historical coil moves; NEW may have large gap, yaw and imperfect target; rolling/partial observations are combined."
C01_F01_far_gap_new_yaw.ply,C01,1,far_gap_new_yaw,4,4,28709,complex;new;far_gap;yaw;all_move;difficulty_3,All old coils move; NEW is intentionally not touching its neighbor and has +7deg yaw; robot target is offset.
C01_F02_new_plus_partial_all_move.ply,C01,2,new_plus_partial_all_move,5,5,34248,complex;new;partial;all_move;roll;difficulty_3,Second NEW while every old coil moves; one historical coil is side-occluded after rolling observation change.
C01_F03_third_new_large_gap.ply,C01,3,third_new_large_gap,6,6,40643,complex;new;far_gap;yaw;partial;all_move;difficulty_4,Third NEW has +8deg yaw and a large internal gap; old coils undergo non-rigid settling and one-sided occlusion.
C01_F04_settling_rebound.ply,C01,4,settling_rebound,6,6,43497,complex;settling;all_move;xy_motion;difficulty_3,No NEW; the whole cluster settles/rebounds with non-uniform X/Y/Z changes and rolling observation mismatch.
C02_F00_right_complex_start.ply,C02,0,right_complex_start,3,3,20782,complex;right;baseline;difficulty_2,"Complex right-cluster loading: mirrored edge growth with large NEW gaps, negative yaw, all-history motion and partial visibility."
C02_F01_right_far_gap_new.ply,C02,1,right_far_gap_new,4,4,27607,complex;right;new;far_gap;yaw;all_move;difficulty_3,Right cluster grows inward; NEW is separated by a large gap and has -7deg yaw while all history moves.
C02_F02_right_new_partial.ply,C02,2,right_new_partial,5,5,31190,complex;right;new;partial;all_move;difficulty_3,Second inward NEW; old coils move non-uniformly and ID8 is partially hidden on its right side.
C02_F03_right_third_new_yaw.ply,C02,3,right_third_new_yaw,6,6,42549,complex;right;new;far_gap;yaw;all_move;difficulty_4,Third right-cluster NEW has -8deg yaw and abnormal gap; every existing coil shifts again.
C02_F04_right_settling.ply,C02,4,right_settling,6,6,42611,complex;right;settling;all_move;difficulty_3,Right cluster settles with small reverse motion; no NEW.
C03_F00_two_side_complex_start.ply,C03,0,two_side_complex_start,4,4,28390,complex;two_side;baseline;difficulty_2,"Two edge clusters grow alternately; both clusters move, NEW gaps/yaw vary, partial/occluded history appears, and the middle free region stays semantically normal."
C03_F01_left_new_far_gap.ply,C03,1,left_new_far_gap,5,5,35346,complex;two_side;new;far_gap;yaw;all_move;difficulty_3,Left cluster extends while both clusters move inward; NEW has a large gap and +6deg yaw.
C03_F02_right_new_partial_left.ply,C03,2,right_new_partial_left,6,6,36936,complex;two_side;new;partial;yaw;all_move;difficulty_4,"Right cluster extends; all coils move, one left-cluster coil is side-occluded, NEW has -7deg yaw."
C03_F03_two_new_both_sides.ply,C03,3,two_new_both_sides,8,8,55950,complex;two_side;multi_new;yaw;all_move;gaps;difficulty_4,"Two NEW coils are placed simultaneously, one on each cluster; both have yaw and unequal gaps; all history moves."
C03_F04_two_side_with_occluded.ply,C03,4,two_side_with_occluded,8,7,49808,complex;two_side;occluded;all_move;difficulty_4,No birth; both clusters move and historical ID7 becomes fully occluded while its semantic slot remains occupied.
C03_F05_occluded_return_partial.ply,C03,5,occluded_return_partial,8,8,54741,complex;two_side;occlusion_return;middle_free;difficulty_3,"ID7 returns partially; both clusters settle and the large middle region is still a valid free region, not an abnormal gap."
C04_F00_same_geom_start.ply,C04,0,same_geom_start,6,6,45648,adversarial;same_geometry;baseline;difficulty_4,"Adversarial same-geometry sequence: all objects share one prototype, entire cluster shifts by more than half a spacing, then a same-spec NEW appears; nearest-neighbor should fail but order semantics must protect identity."
C04_F01_nearest_neighbor_trap.ply,C04,1,nearest_neighbor_trap,6,6,39693,adversarial;same_geometry;nearest_neighbor_trap;all_move;difficulty_5,Every coil shifts +0.72m (> half spacing) with identical D/L and heavy rolling observation mismatch; pure nearest-neighbor is intentionally misleading.
C04_F02_same_spec_new_after_shift.ply,C04,2,same_spec_new_after_shift,7,7,47004,adversarial;same_geometry;new;all_move;yaw;difficulty_5,A same-spec NEW appears after another large group shift; NEW target is imperfect and geometry cannot distinguish identities.
C04_F03_same_geom_partial_center.ply,C04,3,same_geom_partial_center,7,7,43845,adversarial;same_geometry;partial;all_move;difficulty_5,"Same-spec cluster continues moving; central ID3 becomes heavily side-occluded, creating a high-risk identity-swap case."
C04_F04_same_geom_occluded.ply,C04,4,same_geom_occluded,7,6,44502,adversarial;same_geometry;occluded;difficulty_5,One same-spec historical coil disappears completely while all others remain; semantic bracketing should preserve its ID.
C05_F00_combo_start.ply,C05,0,combo_start,4,4,29037,complex;combo;baseline;difficulty_3,Combined difficult loading: historical occlusion and a far-gap yawed NEW occur in the same frame while every visible old coil moves; then the missing ID returns and loading continues.
C05_F01_new_and_occluded_far_gap.ply,C05,1,new_and_occluded_far_gap,5,4,29555,complex;new;occluded;far_gap;yaw;all_move;difficulty_5,ID1 is fully occluded while a -8deg NEW appears far from ID3; all historical positions move simultaneously.
C05_F02_occluded_returns_partial.ply,C05,2,occluded_returns_partial,5,5,31734,complex;occlusion_return;all_move;roll;difficulty_4,Previously hidden ID1 returns partially while all objects continue non-uniform motion and rolling observation changes.
C05_F03_continued_loading_partial.ply,C05,3,continued_loading_partial,6,6,41934,complex;new;partial;yaw;all_move;difficulty_4,Loading continues with another yawed NEW while ID2 is partially side-occluded and every historical coil moves.
C05_F04_combo_recovered.ply,C05,4,combo_recovered,6,6,43469,complex;recovery;all_move;difficulty_4,All IDs are visible again after settling; identity must remain unchanged across the earlier NEW+OCCLUDED ambiguity.
C06_F00_full_l1_start.ply,C06,0,full_l1_start,10,10,72187,complex;layer2;full_l1;baseline;difficulty_3,Full first layer with progressive second-layer loading. New upper coils have yaw and target error; first-layer coils move slightly and visibility degrades/recovers without layer changes.
C06_F01_layer2_new_yaw.ply,C06,1,layer2_new_yaw,11,11,75576,complex;layer2;new;yaw;lower_partial;all_move;difficulty_4,First L2 NEW has +7deg yaw; all L1 coils shift slightly and one lower coil becomes partially visible.
C06_F02_second_layer2_new.ply,C06,2,second_layer2_new,12,12,82062,complex;layer2;new;yaw;lower_partial;all_move;difficulty_4,Second L2 NEW arrives with -6deg yaw; existing upper/lower coils move and lower ID3 is more strongly obscured.
C06_F03_layer2_new_lower_occluded.ply,C06,3,layer2_new_lower_occluded,14,13,89397,complex;layer2;new;occluded;all_move;difficulty_5,Third upper NEW while lower ID4 becomes fully occluded; layer identity and slot order must be retained.
C06_F04_layer2_motion_lower_return.ply,C06,4,layer2_motion_lower_return,13,13,89264,complex;layer2;occlusion_return;all_move;yaw;difficulty_4,No birth; upper coils move/yaw and lower ID4 returns partially.
C06_F05_fourth_layer2_new.ply,C06,5,fourth_layer2_new,14,14,100056,complex;layer2;new;yaw;all_move;difficulty_4,Fourth L2 NEW has -7deg yaw; lower and upper histories continue small non-rigid motion.
C07_F00_multi_new_start.ply,C07,0,multi_new_start,4,4,28390,complex;multi_new;two_side;baseline;difficulty_3,"Multi-birth two-side loading: two NEW coils may arrive simultaneously, both with yaw/large gaps, while all old coils move and later one history becomes occluded."
C07_F01_two_new_far_gaps_yaw.ply,C07,1,two_new_far_gaps_yaw,6,6,41170,complex;multi_new;far_gap;yaw;all_move;difficulty_5,"Two simultaneous NEW coils, both strongly yawed and separated from current cluster boundaries; all old coils move."
C07_F02_second_multi_new.ply,C07,2,second_multi_new,8,8,52945,complex;multi_new;partial;all_move;difficulty_5,Two more simultaneous births while prior NEWs roll/shift and an existing coil becomes one-side partial.
C07_F03_multi_new_then_occlusion.ply,C07,3,multi_new_then_occlusion,8,7,48141,complex;multi_new;occluded;all_move;difficulty_5,No birth; both clusters continue moving and right-cluster ID8 becomes fully occluded.
C07_F04_multi_new_occlusion_return.ply,C07,4,multi_new_occlusion_return,8,8,54018,complex;multi_new;occlusion_return;difficulty_4,Occluded ID8 returns partially; cluster identities must remain stable after simultaneous births.
C08_F00_hint_motion_start.ply,C08,0,hint_motion_start,4,4,29037,complex;robot_hint;large_motion;baseline;difficulty_4,Robot-hint tolerance and large-motion stress: NEW actual positions differ substantially from approximate targets; all histories can shift close to ROI limits with Y/Z drift and yaw.
C08_F01_imperfect_hint_large_move.ply,C08,1,imperfect_hint_large_move,5,5,35736,complex;robot_hint;large_motion;new;far_gap;yaw;difficulty_5,"All old coils move 0.2-0.45m with Y/Z drift; NEW is +8deg yaw, has 0.45m gap, and robot target is ~0.4m offset."
C08_F02_second_imperfect_hint_group_shift.ply,C08,2,second_imperfect_hint_group_shift,6,6,37098,complex;robot_hint;large_motion;new;partial;yaw;difficulty_5,Entire cluster shifts ~0.55-0.65m; second NEW has -7deg yaw and target error in the opposite direction; one old coil is partial.
C08_F03_near_roi_group_translation.ply,C08,3,near_roi_group_translation,6,6,38614,adversarial;large_motion;nearest_neighbor_trap;all_move;difficulty_5,"No birth; the complete cluster shifts +1.05m in one snapshot, intentionally making absolute nearest-neighbor misleading while staying inside configured motion ROI."
C08_F04_large_motion_rebound.ply,C08,4,large_motion_rebound,6,6,43196,complex;large_motion;rebound;all_move;difficulty_4,Cluster rebounds after the large translation; tests absence of a strict velocity-direction assumption.
C09_F00_visibility_complex_start.ply,C09,0,visibility_complex_start,6,6,44288,complex;visibility;baseline;difficulty_3,"Heavy visibility stress without removal: multiple old coils move, become side-partial or fully occluded, then recover; a yawed NEW is inserted during recovery."
C09_F01_multi_partial_all_move.ply,C09,1,multi_partial_all_move,6,6,38216,complex;multi_partial;all_move;roll;difficulty_4,Two historical coils are partially visible on different sides while all six objects move and roll.
C09_F02_one_occluded_one_partial.ply,C09,2,one_occluded_one_partial,6,5,31734,complex;occluded;partial;all_move;difficulty_5,ID2 is fully occluded while ID4 is partially visible; no old coil is removed and all others continue moving.
C09_F03_return_plus_new.ply,C09,3,return_plus_new,7,7,47554,complex;occlusion_return;new;yaw;all_move;difficulty_5,Previously occluded ID2 returns partially while a +7deg NEW is inserted with a nonzero gap; all existing coils move.
C09_F04_visibility_recovered.ply,C09,4,visibility_recovered,7,7,50390,complex;recovery;all_move;difficulty_4,All objects visible again after the visibility lifecycle; permanent IDs must be unchanged.
C10_F00_rebound_start.ply,C10,0,rebound_start,5,5,37770,complex;rebound;baseline;difficulty_3,"Non-monotonic settling sequence: historical coils move in X/Y, change yaw, reverse direction, then receive a far-gap NEW. This tests that tracking is not a one-direction velocity model."
C10_F01_push_forward_xy_yaw.ply,C10,1,push_forward_xy_yaw,5,5,36838,complex;all_move;xy_motion;yaw;difficulty_4,Every historical coil moves forward by a different amount with alternating Y drift and yaw.
C10_F02_rebound_reverse.ply,C10,2,rebound_reverse,5,5,34580,complex;rebound;reverse_motion;roll;difficulty_4,"The cluster reverses direction after settling; rolling observation changes remain, so a constant-velocity prior would be unsafe."
C10_F03_rebound_then_far_new.ply,C10,3,rebound_then_far_new,6,6,41616,complex;rebound;new;far_gap;yaw;partial;difficulty_5,"After a direction reversal, a -8deg NEW is placed with a 0.55m gap while one old coil is partially hidden."
C10_F04_rebound_final_settle.ply,C10,4,rebound_final_settle,6,6,43209,complex;rebound;settling;difficulty_4,Final settling frame after reverse motion and NEW birth.
P00_F00_prototype_00.ply,P00,0,prototype_00,1,1,5835,prototype;baseline,Normalized isolated real prototype from mask_10_f.ply. No semantic meaning is inferred from source filename. V3 geometry: rolling observation change has no large contiguous deletion; partial occlusion is side-based.
P00_F01_prototype_01.ply,P00,1,prototype_01,1,1,7608,prototype;baseline,Normalized isolated real prototype from mask_12_f.ply. No semantic meaning is inferred from source filename. V3 geometry: rolling observation change has no large contiguous deletion; partial occlusion is side-based.
P00_F02_prototype_02.ply,P00,2,prototype_02,1,1,7339,prototype;baseline,Normalized isolated real prototype from mask_14_f.ply. No semantic meaning is inferred from source filename. V3 geometry: rolling observation change has no large contiguous deletion; partial occlusion is side-based.
P00_F03_prototype_03.ply,P00,3,prototype_03,1,1,8255,prototype;baseline,Normalized isolated real prototype from mask_1_f.ply. No semantic meaning is inferred from source filename. V3 geometry: rolling observation change has no large contiguous deletion; partial occlusion is side-based.
P00_F04_prototype_04.ply,P00,4,prototype_04,1,1,8733,prototype;baseline,Normalized isolated real prototype from mask_5_f.ply. No semantic meaning is inferred from source filename. V3 geometry: rolling observation change has no large contiguous deletion; partial occlusion is side-based.
P00_F05_prototype_05.ply,P00,5,prototype_05,1,1,6518,prototype;baseline,Normalized isolated real prototype from mask_6_f.ply. No semantic meaning is inferred from source filename. V3 geometry: rolling observation change has no large contiguous deletion; partial occlusion is side-based.
P00_F06_prototype_06.ply,P00,6,prototype_06,1,1,7117,prototype;baseline,Normalized isolated real prototype from mask_7_f.ply. No semantic meaning is inferred from source filename. V3 geometry: rolling observation change has no large contiguous deletion; partial occlusion is side-based.
P01_F00_baseline.ply,P01,0,baseline,1,1,7339,single;view_change,"Single-coil stress variant: baseline. Rolling mismatch is simulated by observation perturbation/dropout, never by rigid axial rotation. V3 geometry: rolling observation change has no large contiguous deletion; partial occlusion is side-based."
P01_F01_rollObs_mild.ply,P01,1,rollObs_mild,1,1,7122,single;roll_observation,"Single-coil stress variant: rollObs_mild. Rolling mismatch is simulated by observation perturbation/dropout, never by rigid axial rotation. V3 geometry: rolling observation change has no large contiguous deletion; partial occlusion is side-based."
P01_F02_rollObs_heavy.ply,P01,2,rollObs_heavy,1,1,6369,single;roll_observation,"Single-coil stress variant: rollObs_heavy. Rolling mismatch is simulated by observation perturbation/dropout, never by rigid axial rotation. V3 geometry: rolling observation change has no large contiguous deletion; partial occlusion is side-based."
P01_F03_yaw_p3.ply,P01,3,yaw_p3,1,1,7339,single;yaw,"Single-coil stress variant: yaw_p3. Rolling mismatch is simulated by observation perturbation/dropout, never by rigid axial rotation. V3 geometry: rolling observation change has no large contiguous deletion; partial occlusion is side-based."
P01_F04_yaw_n5.ply,P01,4,yaw_n5,1,1,7339,single;yaw,"Single-coil stress variant: yaw_n5. Rolling mismatch is simulated by observation perturbation/dropout, never by rigid axial rotation. V3 geometry: rolling observation change has no large contiguous deletion; partial occlusion is side-based."
P01_F05_moveX_p20.ply,P01,5,moveX_p20,1,1,7144,single;view_change,"Single-coil stress variant: moveX_p20. Rolling mismatch is simulated by observation perturbation/dropout, never by rigid axial rotation. V3 geometry: rolling observation change has no large contiguous deletion; partial occlusion is side-based."
P01_F06_moveX_p45_yaw_p4.ply,P01,6,moveX_p45_yaw_p4,1,1,6400,single;yaw,"Single-coil stress variant: moveX_p45_yaw_p4. Rolling mismatch is simulated by observation perturbation/dropout, never by rigid axial rotation. V3 geometry: rolling observation change has no large contiguous deletion; partial occlusion is side-based."
P01_F07_partial_mild.ply,P01,7,partial_mild,1,1,6498,single;occlusion,"Single-coil stress variant: partial_mild. Rolling mismatch is simulated by observation perturbation/dropout, never by rigid axial rotation. V3 geometry: rolling observation change has no large contiguous deletion; partial occlusion is side-based."
P01_F08_partial_heavy.ply,P01,8,partial_heavy,1,1,4515,single;occlusion,"Single-coil stress variant: partial_heavy. Rolling mismatch is simulated by observation perturbation/dropout, never by rigid axial rotation. V3 geometry: rolling observation change has no large contiguous deletion; partial occlusion is side-based."
P01_F09_top_dominant.ply,P01,9,top_dominant,1,1,5673,single;view_change,"Single-coil stress variant: top_dominant. Rolling mismatch is simulated by observation perturbation/dropout, never by rigid axial rotation. V3 geometry: rolling observation change has no large contiguous deletion; partial occlusion is side-based."
P01_F10_side_dominant.ply,P01,10,side_dominant,1,1,4653,single;view_change,"Single-coil stress variant: side_dominant. Rolling mismatch is simulated by observation perturbation/dropout, never by rigid axial rotation. V3 geometry: rolling observation change has no large contiguous deletion; partial occlusion is side-based."
P01_F11_degraded.ply,P01,11,degraded,1,1,5046,single;view_change,"Single-coil stress variant: degraded. Rolling mismatch is simulated by observation perturbation/dropout, never by rigid axial rotation. V3 geometry: rolling observation change has no large contiguous deletion; partial occlusion is side-based."
P02_F00_edgeOcc_baseline.ply,P02,0,edgeOcc_baseline,1,1,7339,single;edge_occlusion_v3,No occlusion baseline for edge-occlusion sanity check. V3 geometry: rolling observation change has no large contiguous deletion; partial occlusion is side-based.
P02_F01_edgeOcc_left_mild.ply,P02,1,edgeOcc_left_mild,1,1,6438,single;edge_occlusion_v3,Left-neighbor occlusion: only left outer region is reduced; center stays visible. V3 geometry: rolling observation change has no large contiguous deletion; partial occlusion is side-based.
P02_F02_edgeOcc_right_mild.ply,P02,2,edgeOcc_right_mild,1,1,6594,single;edge_occlusion_v3,Right-neighbor occlusion: only right outer region is reduced; center stays visible. V3 geometry: rolling observation change has no large contiguous deletion; partial occlusion is side-based.
P02_F03_edgeOcc_both_mild.ply,P02,3,edgeOcc_both_mild,1,1,5829,single;edge_occlusion_v3,Two-neighbor occlusion: both outer sides are reduced; center stays visible. V3 geometry: rolling observation change has no large contiguous deletion; partial occlusion is side-based.
P02_F04_edgeOcc_both_heavy.ply,P02,4,edgeOcc_both_heavy,1,1,4546,single;edge_occlusion_v3,Heavy two-side occlusion; central/top region is deliberately preserved. V3 geometry: rolling observation change has no large contiguous deletion; partial occlusion is side-based.
P02_F05_rollHeavy_noHole.ply,P02,5,rollHeavy_noHole,1,1,6391,single;roll_observation_v3,Heavy rolling observation change without any large contiguous angular or central deletion. V3 geometry: rolling observation change has no large contiguous deletion; partial occlusion is side-based.
S01_F00_left_growth_3.ply,S01,0,left_growth_3,3,3,20782,L1;left_growth;initial,First-layer left cluster grows from trailer left edge toward middle. Adjacent coils inside cluster are near-contact; capacity remains 10 slots. V3 geometry: rolling observation change has no large contiguous deletion; partial occlusion is side-based.
S01_F01_left_growth_4.ply,S01,1,left_growth_4,4,4,28682,L1;left_growth;NEW,First-layer left cluster grows from trailer left edge toward middle. Adjacent coils inside cluster are near-contact; capacity remains 10 slots. V3 geometry: rolling observation change has no large contiguous deletion; partial occlusion is side-based.
S01_F02_left_growth_5.ply,S01,2,left_growth_5,5,5,37401,L1;left_growth;NEW,First-layer left cluster grows from trailer left edge toward middle. Adjacent coils inside cluster are near-contact; capacity remains 10 slots. V3 geometry: rolling observation change has no large contiguous deletion; partial occlusion is side-based.
S01_F03_left_growth_6.ply,S01,3,left_growth_6,6,6,43899,L1;left_growth;NEW,First-layer left cluster grows from trailer left edge toward middle. Adjacent coils inside cluster are near-contact; capacity remains 10 slots. V3 geometry: rolling observation change has no large contiguous deletion; partial occlusion is side-based.
S02_F00_right_growth_3.ply,S02,0,right_growth_3,3,3,20782,L1;right_growth;initial,First-layer right cluster grows from trailer right edge toward middle. V3 geometry: rolling observation change has no large contiguous deletion; partial occlusion is side-based.
S02_F01_right_growth_4.ply,S02,1,right_growth_4,4,4,28657,L1;right_growth;NEW,First-layer right cluster grows from trailer right edge toward middle. V3 geometry: rolling observation change has no large contiguous deletion; partial occlusion is side-based.
S02_F02_right_growth_5.ply,S02,2,right_growth_5,5,5,37436,L1;right_growth;NEW,First-layer right cluster grows from trailer right edge toward middle. V3 geometry: rolling observation change has no large contiguous deletion; partial occlusion is side-based.
S03_F00_two_sides_4.ply,S03,0,two_sides_4,4,4,26395,L1;two_sided;normal_middle_gap;initial,Two first-layer clusters grow inward from both trailer edges. The large middle gap is NORMAL and must not be treated as an abnormal neighbor gap. V3 geometry: rolling observation change has no large contiguous deletion; partial occlusion is side-based.
S03_F01_two_sides_5.ply,S03,1,two_sides_5,5,5,33371,L1;two_sided;normal_middle_gap;NEW,Two first-layer clusters grow inward from both trailer edges. The large middle gap is NORMAL and must not be treated as an abnormal neighbor gap. V3 geometry: rolling observation change has no large contiguous deletion; partial occlusion is side-based.
S03_F02_two_sides_6.ply,S03,2,two_sides_6,6,6,39703,L1;two_sided;normal_middle_gap;NEW,Two first-layer clusters grow inward from both trailer edges. The large middle gap is NORMAL and must not be treated as an abnormal neighbor gap. V3 geometry: rolling observation change has no large contiguous deletion; partial occlusion is side-based.
S03_F03_two_sides_7.ply,S03,3,two_sides_7,7,7,47797,L1;two_sided;normal_middle_gap;NEW,Two first-layer clusters grow inward from both trailer edges. The large middle gap is NORMAL and must not be treated as an abnormal neighbor gap. V3 geometry: rolling observation change has no large contiguous deletion; partial occlusion is side-based.
S03_F04_two_sides_8.ply,S03,4,two_sides_8,8,8,56254,L1;two_sided;normal_middle_gap;NEW,Two first-layer clusters grow inward from both trailer edges. The large middle gap is NORMAL and must not be treated as an abnormal neighbor gap. V3 geometry: rolling observation change has no large contiguous deletion; partial occlusion is side-based.
S04_F00_internal_gap_02cm.ply,S04,0,internal_gap_02cm,5,5,37770,gap;continuous_cluster;L1,"Controlled gap INSIDE a continuous left cluster. Gap between slot 2 and 3 is 0.025 m; unlike the middle free region in two-sided loading, this is a candidate warning/abnormal relation. V3 geometry: rolling observation change has no large contiguous deletion; partial occlusion is side-based."
S04_F01_internal_gap_10cm.ply,S04,1,internal_gap_10cm,5,5,37770,gap;continuous_cluster;L1,"Controlled gap INSIDE a continuous left cluster. Gap between slot 2 and 3 is 0.100 m; unlike the middle free region in two-sided loading, this is a candidate warning/abnormal relation. V3 geometry: rolling observation change has no large contiguous deletion; partial occlusion is side-based."
S04_F02_internal_gap_28cm.ply,S04,2,internal_gap_28cm,5,5,37770,gap;continuous_cluster;L1,"Controlled gap INSIDE a continuous left cluster. Gap between slot 2 and 3 is 0.280 m; unlike the middle free region in two-sided loading, this is a candidate warning/abnormal relation. V3 geometry: rolling observation change has no large contiguous deletion; partial occlusion is side-based."
S04_F03_internal_gap_45cm.ply,S04,3,internal_gap_45cm,5,5,37770,gap;continuous_cluster;L1,"Controlled gap INSIDE a continuous left cluster. Gap between slot 2 and 3 is 0.450 m; unlike the middle free region in two-sided loading, this is a candidate warning/abnormal relation. V3 geometry: rolling observation change has no large contiguous deletion; partial occlusion is side-based."
S05_F00_yaw_motion_0.ply,S05,0,yaw_motion_0,6,6,44288,yaw;movement;roll_observation;L1,Explicit XY-plane yaw combined with primarily-X displacement. No rigid rotation is used to fake rolling observation changes. V3 geometry: rolling observation change has no large contiguous deletion; partial occlusion is side-based.
S05_F01_yaw_motion_1.ply,S05,1,yaw_motion_1,6,6,43250,yaw;movement;roll_observation;L1,Explicit XY-plane yaw combined with primarily-X displacement. No rigid rotation is used to fake rolling observation changes. V3 geometry: rolling observation change has no large contiguous deletion; partial occlusion is side-based.
S05_F02_yaw_motion_2.ply,S05,2,yaw_motion_2,6,6,41509,yaw;movement;roll_observation;L1,Explicit XY-plane yaw combined with primarily-X displacement. No rigid rotation is used to fake rolling observation changes. V3 geometry: rolling observation change has no large contiguous deletion; partial occlusion is side-based.
S05_F03_yaw_motion_3.ply,S05,3,yaw_motion_3,6,6,41258,yaw;movement;roll_observation;L1,Explicit XY-plane yaw combined with primarily-X displacement. No rigid rotation is used to fake rolling observation changes. V3 geometry: rolling observation change has no large contiguous deletion; partial occlusion is side-based.
S06_F00_all_visible.ply,S06,0,all_visible,6,6,44288,occlusion;recovery;semantic_gap;L1,"Occlusion sequence: first all visible, then ID2 partial, fully occluded (no current instance), partial recovery, full recovery. V3 geometry: rolling observation change has no large contiguous deletion; partial occlusion is side-based."
S06_F01_id2_partial.ply,S06,1,id2_partial,6,6,41603,occlusion;recovery;semantic_gap;L1,"Occlusion sequence: first all visible, then ID2 partial, fully occluded (no current instance), partial recovery, full recovery. V3 geometry: rolling observation change has no large contiguous deletion; partial occlusion is side-based."
S06_F02_id2_occluded.ply,S06,2,id2_occluded,6,5,36949,occlusion;recovery;semantic_gap;L1,"Occlusion sequence: first all visible, then ID2 partial, fully occluded (no current instance), partial recovery, full recovery. V3 geometry: rolling observation change has no large contiguous deletion; partial occlusion is side-based."
S06_F03_id2_return_partial.ply,S06,3,id2_return_partial,6,6,41679,occlusion;recovery;semantic_gap;L1,"Occlusion sequence: first all visible, then ID2 partial, fully occluded (no current instance), partial recovery, full recovery. V3 geometry: rolling observation change has no large contiguous deletion; partial occlusion is side-based."
S06_F04_recovered.ply,S06,4,recovered,6,6,44288,occlusion;recovery;semantic_gap;L1,"Occlusion sequence: first all visible, then ID2 partial, fully occluded (no current instance), partial recovery, full recovery. V3 geometry: rolling observation change has no large contiguous deletion; partial occlusion is side-based."
S07_F00_baseline.ply,S07,0,baseline,5,5,34225,NEW;occlusion;two_sided;hard_case,Simultaneous NEW and OCCLUDED event. A new coil extends the left cluster while an old right-cluster ID is fully hidden. V3 geometry: rolling observation change has no large contiguous deletion; partial occlusion is side-based.
S07_F01_new_plus_occluded.ply,S07,1,new_plus_occluded,6,5,33395,NEW;occlusion;two_sided;hard_case,Simultaneous NEW and OCCLUDED event. A new coil extends the left cluster while an old right-cluster ID is fully hidden. V3 geometry: rolling observation change has no large contiguous deletion; partial occlusion is side-based.
S08_F00_two_layer_base.ply,S08,0,two_layer_base,9,9,64848,L1;L2;support;baseline;,"Two-layer scene. Layer is a hard identity constraint; layer-2 coils sit approximately above pairs of layer-1 supports, and lower coils may be partially occluded. V3 geometry: rolling observation change has no large contiguous deletion; partial occlusion is side-based."
S08_F01_add_layer2.ply,S08,1,add_layer2,10,10,68008,L1;L2;support;occlusion;NEW,"Two-layer scene. Layer is a hard identity constraint; layer-2 coils sit approximately above pairs of layer-1 supports, and lower coils may be partially occluded. V3 geometry: rolling observation change has no large contiguous deletion; partial occlusion is side-based."
S08_F02_two_layer_rollobs.ply,S08,2,two_layer_rollobs,10,10,67366,L1;L2;support;occlusion;,"Two-layer scene. Layer is a hard identity constraint; layer-2 coils sit approximately above pairs of layer-1 supports, and lower coils may be partially occluded. V3 geometry: rolling observation change has no large contiguous deletion; partial occlusion is side-based."
S09_F00_before_two_new.ply,S09,0,before_two_new,4,4,28390,multi_NEW;two_sided;L1,"Compatibility case for multiple additions: two new coils are inserted in one acquisition, one extending each edge cluster. V3 geometry: rolling observation change has no large contiguous deletion; partial occlusion is side-based."
S09_F01_two_new_simultaneous.ply,S09,1,two_new_simultaneous,6,6,40855,multi_NEW;two_sided;L1,"Compatibility case for multiple additions: two new coils are inserted in one acquisition, one extending each edge cluster. V3 geometry: rolling observation change has no large contiguous deletion; partial occlusion is side-based."
S10_F00_same_geometry_stress_0.ply,S10,0,same_geometry_stress_0,6,6,45648,ID_swap_stress;same_geometry;semantic_priority,Hard identity stress: all six coils use the same real prototype and similar observations. Only stable slot/order/history should keep IDs from swapping. V3 geometry: rolling observation change has no large contiguous deletion; partial occlusion is side-based.
S10_F01_same_geometry_stress_1.ply,S10,1,same_geometry_stress_1,6,6,39690,ID_swap_stress;same_geometry;semantic_priority,Hard identity stress: all six coils use the same real prototype and similar observations. Only stable slot/order/history should keep IDs from swapping. V3 geometry: rolling observation change has no large contiguous deletion; partial occlusion is side-based.
S10_F02_same_geometry_stress_2.ply,S10,2,same_geometry_stress_2,6,6,38417,ID_swap_stress;same_geometry;semantic_priority,Hard identity stress: all six coils use the same real prototype and similar observations. Only stable slot/order/history should keep IDs from swapping. V3 geometry: rolling observation change has no large contiguous deletion; partial occlusion is side-based.
S11_F00_L1_full_10.ply,S11,0,L1_full_10,10,10,72187,capacity_10;L1_full;,"Capacity rule: first layer contains exactly 10 slots at maximum; further addition is placed on layer 2, never as an 11th first-layer coil. V3 geometry: rolling observation change has no large contiguous deletion; partial occlusion is side-based."
S11_F01_L1_full_then_L2_new.ply,S11,1,L1_full_then_L2_new,11,11,79915,capacity_10;L1_full;L2_NEW,"Capacity rule: first layer contains exactly 10 slots at maximum; further addition is placed on layer 2, never as an 11th first-layer coil. V3 geometry: rolling observation change has no large contiguous deletion; partial occlusion is side-based."
S12_F00_view_clean.ply,S12,0,view_clean,6,6,41564,cross_view;same_position;observation_change,"Same physical positions across frames but different observation subsets, approximating different multi-camera visibility dominance and reconstruction degradation. V3 geometry: rolling observation change has no large contiguous deletion; partial occlusion is side-based."
S12_F01_view_top_view.ply,S12,1,view_top_view,6,6,33133,cross_view;same_position;observation_change,"Same physical positions across frames but different observation subsets, approximating different multi-camera visibility dominance and reconstruction degradation. V3 geometry: rolling observation change has no large contiguous deletion; partial occlusion is side-based."
S12_F02_view_side_view.ply,S12,2,view_side_view,6,6,26076,cross_view;same_position;observation_change,"Same physical positions across frames but different observation subsets, approximating different multi-camera visibility dominance and reconstruction degradation. V3 geometry: rolling observation change has no large contiguous deletion; partial occlusion is side-based."
S12_F03_view_degraded.ply,S12,3,view_degraded,6,6,31590,cross_view;same_position;observation_change,"Same physical positions across frames but different observation subsets, approximating different multi-camera visibility dominance and reconstruction degradation. V3 geometry: rolling observation change has no large contiguous deletion; partial occlusion is side-based."
S13_F00_full_10_plus_8_100k.ply,S13,0,full_10_plus_8_100k,18,18,128769,100k;max_population;L1_10;L2_8,"Point-count stress scene: 10 first-layer + 8 second-layer coils, approximating the expected maximum population and roughly 100k+ points. V3 geometry: rolling observation change has no large contiguous deletion; partial occlusion is side-based."
S14_F00_combo_new_yaw_occ_gap.ply,S14,0,combo_new_yaw_occ_gap,9,8,47266,combo;NEW;yaw;occlusion;gap;two_sided,"Combined stress scene: two-sided layout, NEW, yaw, old-coil observation changes, one partial old ID, one fully occluded old ID, an internal nonzero gap, and a normal middle free slot. V3 geometry: rolling observation change has no large contiguous deletion; partial occlusion is side-based."
