pair_id,sequence_id,previous_file,current_file,wrong_id,new_tp,new_fp,new_fn,occ_tp,occ_fp,occ_fn,uncertain,validator_errors,total_ms,pass_primary
pair_081,S10,S10_F00_same_geometry_stress_0.ply,S10_F01_same_geometry_stress_1.ply,0,0,0,0,0,0,0,0,,116.526,True
pair_082,S10,S10_F01_same_geometry_stress_1.ply,S10_F02_same_geometry_stress_2.ply,0,0,0,0,0,0,0,0,,120.611,True
pair_073,S06,S06_F00_all_visible.ply,S06_F01_id2_partial.ply,0,0,0,0,0,0,0,0,,126.67,True
pair_074,S06,S06_F01_id2_partial.ply,S06_F02_id2_occluded.ply,0,0,0,0,1,0,0,0,,100.098,True
pair_075,S06,S06_F02_id2_occluded.ply,S06_F03_id2_return_partial.ply,0,0,0,0,0,0,0,0,,106.316,True
pair_076,S06,S06_F03_id2_return_partial.ply,S06_F04_recovered.ply,0,0,0,0,0,0,0,0,,110.056,True
pair_077,S07,S07_F00_baseline.ply,S07_F01_new_plus_occluded.ply,0,1,0,0,1,0,0,0,,106.821,True
pair_063,S03,S03_F00_two_sides_4.ply,S03_F01_two_sides_5.ply,0,1,0,0,0,0,0,0,,90.5,True
pair_064,S03,S03_F01_two_sides_5.ply,S03_F02_two_sides_6.ply,0,1,0,0,0,0,0,0,,104.145,True
pair_065,S03,S03_F02_two_sides_6.ply,S03_F03_two_sides_7.ply,0,1,0,0,0,0,0,0,,126.019,True
pair_066,S03,S03_F03_two_sides_7.ply,S03_F04_two_sides_8.ply,0,1,0,0,0,0,0,0,,153.17,True
pair_083,S11,S11_F00_L1_full_10.ply,S11_F01_L1_full_then_L2_new.ply,0,1,0,0,0,0,0,0,,211.744,True
pair_058,S01,S01_F00_left_growth_3.ply,S01_F01_left_growth_4.ply,0,1,0,0,0,0,0,0,,131.29,True
pair_059,S01,S01_F01_left_growth_4.ply,S01_F02_left_growth_5.ply,0,1,0,0,0,0,0,0,,97.688,True
pair_060,S01,S01_F02_left_growth_5.ply,S01_F03_left_growth_6.ply,0,1,0,0,0,0,0,0,,121.012,True
pair_061,S02,S02_F00_right_growth_3.ply,S02_F01_right_growth_4.ply,0,1,0,0,0,0,0,0,,73.509,True
pair_062,S02,S02_F01_right_growth_4.ply,S02_F02_right_growth_5.ply,0,1,0,0,0,0,0,0,,105.546,True
pair_070,S05,S05_F00_yaw_motion_0.ply,S05_F01_yaw_motion_1.ply,0,0,0,0,0,0,0,0,,149.977,True
pair_071,S05,S05_F01_yaw_motion_1.ply,S05_F02_yaw_motion_2.ply,0,0,0,0,0,0,0,0,,118.864,True
pair_072,S05,S05_F02_yaw_motion_2.ply,S05_F03_yaw_motion_3.ply,0,0,0,0,0,0,0,0,,118.126,True
pair_078,S08,S08_F00_two_layer_base.ply,S08_F01_add_layer2.ply,0,1,0,0,0,0,0,0,,238.901,True
pair_079,S08,S08_F01_add_layer2.ply,S08_F02_two_layer_rollobs.ply,0,0,0,0,0,0,0,0,,242.421,True
pair_080,S09,S09_F00_before_two_new.ply,S09_F01_two_new_simultaneous.ply,0,2,0,0,0,0,0,0,,134.575,True
pair_000,C01,C01_F00_left_complex_start.ply,C01_F01_far_gap_new_yaw.ply,0,1,0,0,0,0,0,0,,82.279,True
pair_001,C01,C01_F01_far_gap_new_yaw.ply,C01_F02_new_plus_partial_all_move.ply,0,1,0,0,0,0,0,0,,94.652,True
pair_002,C01,C01_F02_new_plus_partial_all_move.ply,C01_F03_third_new_large_gap.ply,0,1,0,0,0,0,0,0,,122.629,True
pair_003,C01,C01_F03_third_new_large_gap.ply,C01_F04_settling_rebound.ply,0,0,0,0,0,0,0,0,,123.892,True
pair_004,C02,C02_F00_right_complex_start.ply,C02_F01_right_far_gap_new.ply,0,1,0,0,0,0,0,0,,78.593,True
pair_005,C02,C02_F01_right_far_gap_new.ply,C02_F02_right_new_partial.ply,0,1,0,0,0,0,0,0,,105.934,True
pair_006,C02,C02_F02_right_new_partial.ply,C02_F03_right_third_new_yaw.ply,0,1,0,0,0,0,0,0,,119.293,True
pair_007,C02,C02_F03_right_third_new_yaw.ply,C02_F04_right_settling.ply,0,0,0,0,0,0,0,0,,132.989,True
pair_008,C03,C03_F00_two_side_complex_start.ply,C03_F01_left_new_far_gap.ply,0,1,0,0,0,0,0,0,,102.208,True
pair_009,C03,C03_F01_left_new_far_gap.ply,C03_F02_right_new_partial_left.ply,0,1,0,0,0,0,0,0,,120.712,True
pair_010,C03,C03_F02_right_new_partial_left.ply,C03_F03_two_new_both_sides.ply,0,2,0,0,0,0,0,0,,157.299,True
pair_011,C03,C03_F03_two_new_both_sides.ply,C03_F04_two_side_with_occluded.ply,0,0,0,0,1,0,0,0,,133.11,True
pair_012,C03,C03_F04_two_side_with_occluded.ply,C03_F05_occluded_return_partial.ply,0,0,0,0,0,0,0,0,,143.967,True
pair_013,C04,C04_F00_same_geom_start.ply,C04_F01_nearest_neighbor_trap.ply,0,0,0,0,0,0,0,0,,105.961,True
pair_014,C04,C04_F01_nearest_neighbor_trap.ply,C04_F02_same_spec_new_after_shift.ply,0,1,0,0,0,0,0,0,,133.46,True
pair_015,C04,C04_F02_same_spec_new_after_shift.ply,C04_F03_same_geom_partial_center.ply,0,0,0,0,0,0,0,0,,112.072,True
pair_016,C04,C04_F03_same_geom_partial_center.ply,C04_F04_same_geom_occluded.ply,0,0,0,0,1,0,0,0,,115.378,True
pair_017,C05,C05_F00_combo_start.ply,C05_F01_new_and_occluded_far_gap.ply,0,1,0,0,1,0,0,0,,68.644,True
pair_018,C05,C05_F01_new_and_occluded_far_gap.ply,C05_F02_occluded_returns_partial.ply,0,0,0,0,0,0,0,0,,81.759,True
pair_019,C05,C05_F02_occluded_returns_partial.ply,C05_F03_continued_loading_partial.ply,0,1,0,0,0,0,0,0,,108.345,True
pair_020,C05,C05_F03_continued_loading_partial.ply,C05_F04_combo_recovered.ply,0,0,0,0,0,0,0,0,,115.77,True
pair_021,C06,C06_F00_full_l1_start.ply,C06_F01_layer2_new_yaw.ply,0,1,0,0,0,0,0,0,,211.243,True
pair_022,C06,C06_F01_layer2_new_yaw.ply,C06_F02_second_layer2_new.ply,0,1,0,0,0,0,0,0,,218.538,True
pair_023,C06,C06_F02_second_layer2_new.ply,C06_F03_layer2_new_lower_occluded.ply,0,1,0,0,1,0,0,1,,236.122,True
pair_024,C06,C06_F03_layer2_new_lower_occluded.ply,C06_F04_layer2_motion_lower_return.ply,0,0,0,0,0,1,0,0,,246.5,True
pair_025,C06,C06_F04_layer2_motion_lower_return.ply,C06_F05_fourth_layer2_new.ply,0,1,0,0,0,0,0,0,,290.398,True
pair_026,C07,C07_F00_multi_new_start.ply,C07_F01_two_new_far_gaps_yaw.ply,0,2,0,0,0,0,0,0,,108.716,True
pair_027,C07,C07_F01_two_new_far_gaps_yaw.ply,C07_F02_second_multi_new.ply,0,2,0,0,0,0,0,0,,143.974,True
pair_028,C07,C07_F02_second_multi_new.ply,C07_F03_multi_new_then_occlusion.ply,0,0,0,0,1,0,0,0,,126.921,True
pair_029,C07,C07_F03_multi_new_then_occlusion.ply,C07_F04_multi_new_occlusion_return.ply,0,0,0,0,0,0,0,0,,143.487,True
pair_030,C08,C08_F00_hint_motion_start.ply,C08_F01_imperfect_hint_large_move.ply,0,1,0,0,0,0,0,0,,92.926,True
pair_031,C08,C08_F01_imperfect_hint_large_move.ply,C08_F02_second_imperfect_hint_group_shift.ply,0,1,0,0,0,0,0,0,,97.12,True
pair_032,C08,C08_F02_second_imperfect_hint_group_shift.ply,C08_F03_near_roi_group_translation.ply,0,0,0,0,0,0,0,0,,114.208,True
pair_033,C08,C08_F03_near_roi_group_translation.ply,C08_F04_large_motion_rebound.ply,0,0,0,0,0,0,0,0,,116.275,True
pair_034,C09,C09_F00_visibility_complex_start.ply,C09_F01_multi_partial_all_move.ply,0,0,0,0,0,0,0,0,,104.591,True
pair_035,C09,C09_F01_multi_partial_all_move.ply,C09_F02_one_occluded_one_partial.ply,0,0,0,0,1,0,0,0,,86.297,True
pair_036,C09,C09_F02_one_occluded_one_partial.ply,C09_F03_return_plus_new.ply,0,1,0,0,0,0,0,0,,136.587,True
pair_037,C09,C09_F03_return_plus_new.ply,C09_F04_visibility_recovered.ply,0,0,0,0,0,0,0,0,,135.881,True
pair_038,C10,C10_F00_rebound_start.ply,C10_F01_push_forward_xy_yaw.ply,0,0,0,0,0,0,0,0,,94.536,True
pair_039,C10,C10_F01_push_forward_xy_yaw.ply,C10_F02_rebound_reverse.ply,0,0,0,0,0,0,0,0,,96.387,True
pair_040,C10,C10_F02_rebound_reverse.ply,C10_F03_rebound_then_far_new.ply,0,1,0,0,0,0,0,0,,127.839,True
pair_041,C10,C10_F03_rebound_then_far_new.ply,C10_F04_rebound_final_settle.ply,0,0,0,0,0,0,0,0,,115.575,True
pair_042,P01,P01_F00_baseline.ply,P01_F01_rollObs_mild.ply,0,0,0,0,0,0,0,0,,18.833,True
pair_043,P01,P01_F00_baseline.ply,P01_F02_rollObs_heavy.ply,0,0,0,0,0,0,0,0,,15.452,True
pair_044,P01,P01_F00_baseline.ply,P01_F03_yaw_p3.ply,0,0,0,0,0,0,0,0,,26.207,True
pair_045,P01,P01_F00_baseline.ply,P01_F04_yaw_n5.ply,0,0,0,0,0,0,0,0,,22.254,True
pair_046,P01,P01_F00_baseline.ply,P01_F05_moveX_p20.ply,0,0,0,0,0,0,0,0,,19.734,True
pair_047,P01,P01_F00_baseline.ply,P01_F06_moveX_p45_yaw_p4.ply,0,0,0,0,0,0,0,0,,17.73,True
pair_048,P01,P01_F00_baseline.ply,P01_F07_partial_mild.ply,0,0,0,0,0,0,0,0,,15.738,True
pair_049,P01,P01_F00_baseline.ply,P01_F08_partial_heavy.ply,0,0,0,0,0,0,0,0,,15.507,True
pair_050,P01,P01_F00_baseline.ply,P01_F09_top_dominant.ply,0,0,0,0,0,0,0,0,,15.967,True
pair_051,P01,P01_F00_baseline.ply,P01_F10_side_dominant.ply,0,0,0,0,0,0,0,0,,14.178,True
pair_052,P01,P01_F00_baseline.ply,P01_F11_degraded.ply,0,0,0,0,0,0,0,0,,15.256,True
pair_053,P02,P02_F00_edgeOcc_baseline.ply,P02_F01_edgeOcc_left_mild.ply,0,0,0,0,0,0,0,0,,18.377,True
pair_054,P02,P02_F00_edgeOcc_baseline.ply,P02_F02_edgeOcc_right_mild.ply,0,0,0,0,0,0,0,0,,24.888,True
pair_055,P02,P02_F00_edgeOcc_baseline.ply,P02_F03_edgeOcc_both_mild.ply,0,0,0,0,0,0,0,0,,17.62,True
pair_056,P02,P02_F00_edgeOcc_baseline.ply,P02_F04_edgeOcc_both_heavy.ply,0,0,0,0,0,0,0,0,,17.266,True
pair_057,P02,P02_F00_edgeOcc_baseline.ply,P02_F05_rollHeavy_noHole.ply,0,0,0,0,0,0,0,0,,17.246,True
pair_067,S04,S04_F00_internal_gap_02cm.ply,S04_F01_internal_gap_10cm.ply,0,0,0,0,0,0,0,0,,101.771,True
pair_068,S04,S04_F00_internal_gap_02cm.ply,S04_F02_internal_gap_28cm.ply,0,0,0,0,0,0,0,0,,107.298,True
pair_069,S04,S04_F00_internal_gap_02cm.ply,S04_F03_internal_gap_45cm.ply,0,0,0,0,0,0,0,0,,93.179,True
pair_084,S12,S12_F00_view_clean.ply,S12_F01_view_top_view.ply,0,0,0,0,0,0,0,0,,113.283,True
pair_085,S12,S12_F00_view_clean.ply,S12_F02_view_side_view.ply,0,0,0,0,0,0,0,0,,78.457,True
pair_086,S12,S12_F00_view_clean.ply,S12_F03_view_degraded.ply,0,0,0,0,0,0,0,0,,92.37,True
pair_107,D01,D01_F00_full_l1_before_l2.ply,D01_F01_l2_new_support0.ply,0,1,0,0,0,0,0,0,,216.697,True
pair_108,D01,D01_F01_l2_new_support0.ply,D01_F02_l2_new_support1.ply,0,1,0,0,0,0,0,0,,234.138,True
pair_109,D01,D01_F02_l2_new_support1.ply,D01_F03_upper_settle_l1_locked.ply,0,0,0,0,0,0,0,0,,238.22,True
pair_110,D02,D02_F00_full_l1_before_right_l2.ply,D02_F01_right_new_support8.ply,0,1,0,0,0,0,0,0,,214.679,True
pair_111,D02,D02_F01_right_new_support8.ply,D02_F02_right_new_support7.ply,0,1,0,0,0,0,0,0,,384.724,True
pair_112,D02,D02_F02_right_new_support7.ply,D02_F03_right_new_support6.ply,0,1,0,0,0,0,0,0,,1143.104,True
pair_113,D03,D03_F00_full_l1.ply,D03_F01_new_support1.ply,0,1,0,0,0,0,0,0,,357.231,True
pair_114,D03,D03_F01_new_support1.ply,D03_F02_new_support7.ply,0,1,0,0,0,0,0,0,,359.334,True
pair_115,D03,D03_F02_new_support7.ply,D03_F03_multi_new_support3_5.ply,0,2,0,0,0,0,0,0,,431.492,True
pair_116,D04,D04_F00_full_l1_multiview.ply,D04_F01_top_new_support2.ply,0,1,0,0,0,0,0,0,,144.093,True
pair_117,D04,D04_F01_top_new_support2.ply,D04_F02_top_new_support3.ply,0,1,0,0,0,0,0,0,,130.948,True
pair_118,D04,D04_F02_top_new_support3.ply,D04_F03_top_upper_motion.ply,0,0,0,0,0,0,0,0,,131.127,True
pair_119,D05,D05_F00_bootstrap_double_layer.ply,D05_F01_bootstrap_then_new_support7.ply,0,1,0,0,0,0,0,0,,314.072,True
pair_120,D05,D05_F01_bootstrap_then_new_support7.ply,D05_F02_bootstrap_followup.ply,0,0,0,0,0,0,0,0,,345.032,True
pair_121,D06,D06_F00_bootstrap_topdown_heavy.ply,D06_F01_topdown_add_eighth.ply,0,1,0,0,0,1,0,1,,275.818,True
pair_122,D06,D06_F01_topdown_add_eighth.ply,D06_F02_topdown_all_eight_settle.ply,0,0,0,0,0,1,0,1,,246.178,True
pair_123,D07,D07_F00_support_identity_start.ply,D07_F01_support_offsets.ply,0,0,0,0,0,0,0,0,,386.558,True
pair_124,D07,D07_F01_support_offsets.ply,D07_F02_support_offsets_rebound.ply,0,0,0,0,0,0,0,0,,375.549,True
pair_125,D08,D08_F00_locked_foundation_start.ply,D08_F01_foundation_hard_shift.ply,0,0,0,0,0,0,0,0,,337.457,True
pair_126,D08,D08_F01_foundation_hard_shift.ply,D08_F02_foundation_returns.ply,0,0,0,0,0,0,0,0,,357.947,True
pair_127,D09,D09_F00_upper_support_start.ply,D09_F01_upper_off_support.ply,0,0,0,0,0,0,0,0,,370.913,True
pair_128,D09,D09_F01_upper_off_support.ply,D09_F02_upper_back_on_support.ply,0,0,0,0,0,0,0,0,,355.823,True
pair_129,D10,D10_F00_full_l1.ply,D10_F01_multi_new_0_7.ply,0,2,0,0,0,0,0,0,,269.508,True
pair_130,D10,D10_F01_multi_new_0_7.ply,D10_F02_multi_new_1_6.ply,0,2,0,0,0,0,0,0,,318.769,True
pair_131,D10,D10_F02_multi_new_1_6.ply,D10_F03_multi_new_2_5.ply,0,2,0,0,0,0,0,0,,353.131,True
pair_132,D10,D10_F03_multi_new_2_5.ply,D10_F04_multi_new_3_4_reach8.ply,0,2,0,0,0,0,0,0,,500.152,True
pair_133,D10,D10_F04_multi_new_3_4_reach8.ply,D10_F05_illegal_ninth_support8.ply,0,1,0,0,0,0,0,0,,506.804,True
